ROI,ROISize,LocalizerSize,LocalizerIntersubjectOverlap
49,319,94,1.000000
50,690,187,0.800000
51,444,133,0.800000
52,465,132,1.000000
53,264,74,0.600000
54,260,63,0.800000
55,275,77,1.000000
56,234,59,1.000000
57,124,35,0.800000
